name,label
fender/00000017.jpg,fender
fender/00000022.jpg,fender
fender/00000018.jpg,fender
fender/00000027.jpg,fender
fender/00000026.jpg,fender
fender/00000024.jpg,fender
fender/00000035.jpg,fender
fender/00000031.jpg,fender
fender/00000050.jpg,fender
fender/00000067.jpg,fender
fender/00000071.jpg,fender
fender/00000085.jpg,fender
fender/00000095.jpg,fender
fender/00000046.jpg,fender
fender/00000007.jpg,fender
fender/00000093.png,fender
fender/00000047.jpg,fender
fender/00000000.jpg,fender
fender/00000049.JPG,fender
fender/00000091.jpg,fender
fender/00000006.png,fender
fender/00000055.png,fender
fender/00000083.jpg,fender
fender/00000054.png,fender
fender/00000001.jpg,fender
fender/00000087.jpg,fender
fender/00000005.png,fender
fender/00000040.jpg,fender
fender/00000098.jpg,fender
fender/00000002.png,fender
fender/00000058.jpg,fender
fender/00000094.jpg,fender
fender/00000004.jpg,fender
fender/00000059.png,fender
fender/00000096.jpg,fender
fender/00000010.png,fender
fender/00000062.jpg,fender
fender/00000099.jpg,fender
fender/00000003.jpg,fender
fender/00000048.jpg,fender
fender/00000097.jpg,fender
fender/00000014.jpg,fender
fender/00000064.jpg,fender
fender/00000011.jpg,fender
fender/00000056.jpg,fender
fender/00000012.jpg,fender
fender/00000066.jpg,fender
fender/00000020.jpg,fender
fender/00000068.jpg,fender
fender/00000023.JPG,fender
fender/00000069.jpg,fender
fender/00000019.jpg,fender
fender/00000057.jpg,fender
fender/00000065.jpg,fender
fender/00000053.jpg,fender
fender/00000063.jpg,fender
fender/00000061.jpg,fender
fender/00000013.jpg,fender
fender/00000074.jpg,fender
fender/00000015.jpg,fender
fender/00000077.jpg,fender
fender/00000021.JPG,fender
fender/00000072.png,fender
fender/00000025.jpg,fender
fender/00000081.png,fender
fender/00000016.jpg,fender
fender/00000028.jpg,fender
fender/00000076.jpg,fender
fender/00000036.jpg,fender
fender/00000070.jpg,fender
fender/00000032.png,fender
fender/00000078.jpg,fender
fender/00000030.jpg,fender
fender/00000080.jpg,fender
fender/00000029.JPG,fender
fender/00000084.png,fender
fender/00000043.jpg,fender
fender/00000041.jpg,fender
fender/00000075.jpg,fender
fender/00000082.png,fender
fender/00000038.png,fender
fender/00000033.jpg,fender
fender/00000090.jpg,fender
fender/00000042.jpg,fender
fender/00000088.jpg,fender
fender/00000044.jpg,fender
fender/00000089.jpg,fender
fender/00000037.jpg,fender
fender/00000086.png,fender
fender/00000045.jpg,fender
fender/00000092.jpg,fender
fender/00000052.jpg,fender
fender/00000009.jpg,fender
fender/00000051.jpg,fender
gibson/00000172.jpg,gibson
gibson/00000168.jpg,gibson
gibson/00000169.jpg,gibson
gibson/00000007.jpg,gibson
gibson/00000079.jpg,gibson
gibson/00000067.jpg,gibson
gibson/00000068.jpg,gibson
gibson/00000101.jpg,gibson
gibson/00000093.jpg,gibson
gibson/00000099.jpg,gibson
gibson/00000094.jpg,gibson
gibson/00000097.jpg,gibson
gibson/00000109.jpg,gibson
gibson/00000127.jpg,gibson
gibson/00000134.jpg,gibson
gibson/00000141.jpg,gibson
gibson/00000155.jpg,gibson
gibson/00000156.jpg,gibson
gibson/00000185.JPG,gibson
gibson/00000183.jpg,gibson
gibson/00000161.jpg,gibson
gibson/00000160.jpg,gibson
gibson/00000191.jpg,gibson
gibson/00000181.JPG,gibson
gibson/00000195.jpg,gibson
gibson/00000001.jpg,gibson
gibson/00000005.jpg,gibson
gibson/00000003.jpg,gibson
gibson/00000006.jpg,gibson
gibson/00000002.jpg,gibson
gibson/00000004.jpg,gibson
gibson/00000008.jpg,gibson
gibson/00000011.jpg,gibson
gibson/00000010.png,gibson
gibson/00000014.jpg,gibson
gibson/00000012.jpg,gibson
gibson/00000017.png,gibson
gibson/00000019.jpg,gibson
gibson/00000013.jpg,gibson
gibson/00000015.jpg,gibson
gibson/00000022.png,gibson
gibson/00000021.jpg,gibson
gibson/00000000.jpg,gibson
gibson/00000034.jpg,gibson
gibson/00000025.jpg,gibson
gibson/00000046.jpg,gibson
gibson/00000018.jpg,gibson
gibson/00000039.jpg,gibson
gibson/00000030.jpg,gibson
gibson/00000084.jpeg,gibson
gibson/00000045.jpg,gibson
gibson/00000028.png,gibson
gibson/00000052.jpg,gibson
gibson/00000082.jpg,gibson
gibson/00000027.jpg,gibson
gibson/00000086.jpg,gibson
gibson/00000048.jpg,gibson
gibson/00000032.jpg,gibson
gibson/00000085.jpg,gibson
gibson/00000026.jpg,gibson
gibson/00000089.jpg,gibson
gibson/00000051.jpg,gibson
gibson/00000035.jpg,gibson
gibson/00000054.png,gibson
gibson/00000090.jpg,gibson
gibson/00000091.jpg,gibson
gibson/00000033.jpg,gibson
gibson/00000031.png,gibson
gibson/00000055.png,gibson
gibson/00000095.jpg,gibson
gibson/00000037.png,gibson
gibson/00000024.jpg,gibson
gibson/00000041.jpg,gibson
gibson/00000096.jpg,gibson
gibson/00000043.jpg,gibson
gibson/00000092.jpg,gibson
gibson/00000058.jpg,gibson
gibson/00000087.jpg,gibson
gibson/00000050.JPG,gibson
gibson/00000081.jpg,gibson
gibson/00000056.jpg,gibson
gibson/00000100.jpeg,gibson
gibson/00000053.jpg,gibson
gibson/00000038.jpg,gibson
gibson/00000103.jpg,gibson
gibson/00000040.jpg,gibson
gibson/00000107.jpg,gibson
gibson/00000049.jpg,gibson
gibson/00000029.jpg,gibson
gibson/00000110.jpg,gibson
gibson/00000044.jpg,gibson
gibson/00000063.jpg,gibson
gibson/00000115.jpg,gibson
gibson/00000042.jpg,gibson
gibson/00000061.jpg,gibson
gibson/00000108.jpg,gibson
gibson/00000151.jpg,gibson
gibson/00000057.png,gibson
gibson/00000146.jpg,gibson
gibson/00000117.jpg,gibson
gibson/00000065.jpg,gibson
gibson/00000139.jpg,gibson
gibson/00000112.jpg,gibson
gibson/00000142.jpg,gibson
gibson/00000062.jpg,gibson
gibson/00000118.jpg,gibson
gibson/00000135.jpg,gibson
gibson/00000059.jpg,gibson
gibson/00000121.jpg,gibson
gibson/00000153.jpg,gibson
gibson/00000069.png,gibson
gibson/00000105.jpg,gibson
gibson/00000149.jpg,gibson
gibson/00000066.jpg,gibson
gibson/00000122.jpg,gibson
gibson/00000158.jpg,gibson
gibson/00000072.jpg,gibson
gibson/00000119.jpg,gibson
gibson/00000152.jpg,gibson
gibson/00000123.jpg,gibson
gibson/00000064.jpg,gibson
gibson/00000163.png,gibson
gibson/00000078.jpg,gibson
gibson/00000128.jpg,gibson
gibson/00000073.png,gibson
gibson/00000157.jpg,gibson
gibson/00000138.jpg,gibson
gibson/00000164.jpg,gibson
gibson/00000077.jpg,gibson
gibson/00000120.jpg,gibson
gibson/00000154.jpg,gibson
gibson/00000076.jpg,gibson
gibson/00000148.jpg,gibson
gibson/00000071.jpg,gibson
gibson/00000136.jpg,gibson
gibson/00000159.jpg,gibson
gibson/00000083.jpg,gibson
gibson/00000133.jpg,gibson
gibson/00000166.jpg,gibson
gibson/00000060.jpeg,gibson
gibson/00000143.jpg,gibson
gibson/00000162.jpg,gibson
gibson/00000075.jpg,gibson
gibson/00000132.jpg,gibson
gibson/00000167.jpeg,gibson
gibson/00000145.JPG,gibson
gibson/00000144.jpg,gibson
gibson/00000182.jpg,gibson
gibson/00000129.jpg,gibson
gibson/00000098.jpg,gibson
gibson/00000174.jpg,gibson
gibson/00000186.jpg,gibson
gibson/00000187.jpg,gibson
gibson/00000190.jpg,gibson
gibson/00000188.jpg,gibson
gibson/00000184.jpg,gibson
gibson/00000193.jpg,gibson
gibson/00000189.jpg,gibson
gibson/00000196.jpg,gibson
gibson/00000192.jpg,gibson
gibson/00000194.jpg,gibson
gibson/00000111.jpg,gibson
gibson/00000197.jpg,gibson
gibson/00000124.jpg,gibson
gibson/00000126.jpg,gibson
gibson/00000106.jpg,gibson
gibson/00000171.png,gibson
gibson/00000125.jpg,gibson
gibson/00000173.jpg,gibson
gibson/00000176.jpg,gibson
gibson/00000177.jpg,gibson
gibson/00000180.jpg,gibson
gibson/00000179.jpg,gibson
gibson/00000178.jpeg,gibson
gibson/00000131.jpg,gibson
